order_date,store_name,product_name,Sales
01-01-2016,"Santa Cruz Bikes","Trek Fuel EX 8 29 - 2016",2900
01-01-2016,"Santa Cruz Bikes","Electra Townie Original 7D EQ - 2016",1200
01-01-2016,"Santa Cruz Bikes","Surly Straggler - 2016",3098
01-01-2016,"Santa Cruz Bikes","Trek Remedy 29 Carbon Frameset - 2016",3600
01-01-2016,"Santa Cruz Bikes","Electra Townie Original 7D EQ - Women's - 2016",600
01-01-2016,"Baldwin Bikes","Electra Townie Original 7D EQ - 2016",1200
01-01-2016,"Baldwin Bikes","Electra Townie Original 7D EQ - Women's - 2016",600
02-01-2016,"Baldwin Bikes","Electra Townie Original 7D EQ - Women's - 2016",600
02-01-2016,"Baldwin Bikes","Surly Wednesday Frameset - 2016",1000
03-01-2016,"Santa Cruz Bikes","Ritchey Timberwolf Frameset - 2016",1500
03-01-2016,"Baldwin Bikes","Electra Townie Original 7D EQ - 2016",600
03-01-2016,"Baldwin Bikes","Pure Cycles Vine 8-Speed - 2016",429
03-01-2016,"Baldwin Bikes","Surly Straggler - 2016",3098
04-01-2016,"Baldwin Bikes","Trek Conduit+ - 2016",6000
04-01-2016,"Baldwin Bikes","Surly Wednesday Frameset - 2016",2000
04-01-2016,"Baldwin Bikes","Electra Townie Original 7D EQ - Women's - 2016",600
04-01-2016,"Baldwin Bikes","Electra Townie Original 21D - 2016",1100
04-01-2016,"Baldwin Bikes","Pure Cycles Western 3-Speed - Women's - 2015/2016",449
04-01-2016,"Baldwin Bikes","Pure Cycles Vine 8-Speed - 2016",858
04-01-2016,"Baldwin Bikes","Surly Wednesday Frameset - 2016",1000
04-01-2016,"Baldwin Bikes","Electra Moto 1 - 2016",530
04-01-2016,"Baldwin Bikes","Electra Townie Original 7D EQ - Women's - 2016",1200
04-01-2016,"Baldwin Bikes","Electra Girl's Hawaii 1 (16-inch) - 2015/2016",270
05-01-2016,"Santa Cruz Bikes","Trek Slash 8 27.5 - 2016",8000
05-01-2016,"Baldwin Bikes","Electra Girl's Hawaii 1 (16-inch) - 2015/2016",270
05-01-2016,"Baldwin Bikes","Electra Townie Original 7D EQ - 2016",1200
05-01-2016,"Baldwin Bikes","Electra Girl's Hawaii 1 (16-inch) - 2015/2016",540
05-01-2016,"Baldwin Bikes","Trek Remedy 29 Carbon Frameset - 2016",1800
06-01-2016,"Santa Cruz Bikes","Surly Straggler 650b - 2016",1681
06-01-2016,"Santa Cruz Bikes","Trek Fuel EX 8 29 - 2016",5800
08-01-2016,"Baldwin Bikes","Electra Townie Original 7D EQ - 2016",1200
08-01-2016,"Baldwin Bikes","Electra Townie Original 7D EQ - Women's - 2016",1200
08-01-2016,"Baldwin Bikes","Pure Cycles Vine 8-Speed - 2016",858
08-01-2016,"Baldwin Bikes","Electra Cruiser 1 (24-Inch) - 2016",270
09-01-2016,"Santa Cruz Bikes","Surly Ice Cream Truck Frameset - 2016",470
09-01-2016,"Baldwin Bikes","Electra Girl's Hawaii 1 (20-inch) - 2015/2016",600
09-01-2016,"Baldwin Bikes","Pure Cycles Western 3-Speed - Women's - 2015/2016",898
09-01-2016,"Baldwin Bikes","Trek Remedy 29 Carbon Frameset - 2016",1800
09-01-2016,"Baldwin Bikes","Electra Townie Original 21D - 2016",1100
12-01-2016,"Santa Cruz Bikes","Electra Girl's Hawaii 1 (16-inch) - 2015/2016",270
12-01-2016,"Santa Cruz Bikes","Electra Cruiser 1 (24-Inch) - 2016",540
12-01-2016,"Santa Cruz Bikes","Electra Cruiser 1 (24-Inch) - 2016",270
12-01-2016,"Santa Cruz Bikes","Trek Remedy 29 Carbon Frameset - 2016",1800
12-01-2016,"Santa Cruz Bikes","Electra Townie Original 7D EQ - Women's - 2016",1200
12-01-2016,"Santa Cruz Bikes","Heller Shagamaw Frame - 2016",1321
12-01-2016,"Santa Cruz Bikes","Electra Girl's Hawaii 1 (20-inch) - 2015/2016",300
12-01-2016,"Santa Cruz Bikes","Trek Remedy 29 Carbon Frameset - 2016",1800
14-01-2016,"Santa Cruz Bikes","Trek Conduit+ - 2016",6000
14-01-2016,"Santa Cruz Bikes","Electra Townie Original 7D - 2015/2016",1000
14-01-2016,"Santa Cruz Bikes","Trek Slash 8 27.5 - 2016",4000
14-01-2016,"Santa Cruz Bikes","Electra Girl's Hawaii 1 (16-inch) - 2015/2016",270
14-01-2016,"Santa Cruz Bikes","Ritchey Timberwolf Frameset - 2016",1500
14-01-2016,"Santa Cruz Bikes","Trek Conduit+ - 2016",6000
14-01-2016,"Santa Cruz Bikes","Surly Straggler - 2016",1549
14-01-2016,"Santa Cruz Bikes","Surly Straggler - 2016",3098
14-01-2016,"Santa Cruz Bikes","Trek Conduit+ - 2016",3000
15-01-2016,"Baldwin Bikes","Surly Straggler - 2016",1549
15-01-2016,"Baldwin Bikes","Pure Cycles Vine 8-Speed - 2016",429
15-01-2016,"Baldwin Bikes","Electra Girl's Hawaii 1 (16-inch) - 2015/2016",270
16-01-2016,"Santa Cruz Bikes","Electra Girl's Hawaii 1 (16-inch) - 2015/2016",270
16-01-2016,"Santa Cruz Bikes","Electra Moto 1 - 2016",1060
16-01-2016,"Santa Cruz Bikes","Electra Cruiser 1 (24-Inch) - 2016",270
16-01-2016,"Santa Cruz Bikes","Electra Girl's Hawaii 1 (20-inch) - 2015/2016",600
16-01-2016,"Santa Cruz Bikes","Trek Fuel EX 8 29 - 2016",5800
18-01-2016,"Baldwin Bikes","Pure Cycles Western 3-Speed - Women's - 2015/2016",898
18-01-2016,"Baldwin Bikes","Surly Wednesday Frameset - 2016",2000
18-01-2016,"Baldwin Bikes","Electra Cruiser 1 (24-Inch) - 2016",270
18-01-2016,"Baldwin Bikes","Electra Girl's Hawaii 1 (16-inch) - 2015/2016",270
18-01-2016,"Baldwin Bikes","Electra Girl's Hawaii 1 (16-inch) - 2015/2016",270
18-01-2016,"Baldwin Bikes","Surly Straggler - 2016",3098
18-01-2016,"Baldwin Bikes","Electra Girl's Hawaii 1 (20-inch) - 2015/2016",600
18-01-2016,"Baldwin Bikes","Electra Cruiser 1 (24-Inch) - 2016",540
18-01-2016,"Baldwin Bikes","Electra Townie Original 21D - 2016",550
18-01-2016,"Baldwin Bikes","Ritchey Timberwolf Frameset - 2016",750
18-01-2016,"Baldwin Bikes","Trek Slash 8 27.5 - 2016",4000
19-01-2016,"Baldwin Bikes","Trek Remedy 29 Carbon Frameset - 2016",1800
19-01-2016,"Baldwin Bikes","Electra Townie Original 7D EQ - 2016",1200
19-01-2016,"Baldwin Bikes","Pure Cycles William 3-Speed - 2016",449
19-01-2016,"Baldwin Bikes","Heller Shagamaw Frame - 2016",1321
19-01-2016,"Baldwin Bikes","Surly Ice Cream Truck Frameset - 2016",470
19-01-2016,"Baldwin Bikes","Electra Girl's Hawaii 1 (16-inch) - 2015/2016",540
19-01-2016,"Baldwin Bikes","Trek Slash 8 27.5 - 2016",8000
19-01-2016,"Baldwin Bikes","Heller Shagamaw Frame - 2016",1321
20-01-2016,"Baldwin Bikes","Electra Girl's Hawaii 1 (16-inch) - 2015/2016",540
20-01-2016,"Baldwin Bikes","Trek Remedy 29 Carbon Frameset - 2016",1800
20-01-2016,"Baldwin Bikes","Electra Cruiser 1 (24-Inch) - 2016",540
20-01-2016,"Baldwin Bikes","Surly Ice Cream Truck Frameset - 2016",470
20-01-2016,"Baldwin Bikes","Electra Townie Original 21D - 2016",1100
20-01-2016,"Baldwin Bikes","Trek Slash 8 27.5 - 2016",8000
20-01-2016,"Baldwin Bikes","Trek Fuel EX 8 29 - 2016",2900
20-01-2016,"Baldwin Bikes","Pure Cycles William 3-Speed - 2016",449
20-01-2016,"Baldwin Bikes","Pure Cycles Vine 8-Speed - 2016",429
20-01-2016,"Baldwin Bikes","Electra Townie Original 7D EQ - 2016",600
20-01-2016,"Rowlett Bikes","Trek Conduit+ - 2016",6000
20-01-2016,"Rowlett Bikes","Surly Straggler 650b - 2016",3362
21-01-2016,"Santa Cruz Bikes","Electra Townie Original 7D - 2015/2016",1000
21-01-2016,"Santa Cruz Bikes","Electra Townie Original 21D - 2016",1100
21-01-2016,"Santa Cruz Bikes","Trek Remedy 29 Carbon Frameset - 2016",3600
21-01-2016,"Baldwin Bikes","Trek Slash 8 27.5 - 2016",4000
21-01-2016,"Baldwin Bikes","Electra Girl's Hawaii 1 (20-inch) - 2015/2016",600
22-01-2016,"Baldwin Bikes","Pure Cycles Vine 8-Speed - 2016",858
22-01-2016,"Baldwin Bikes","Surly Straggler - 2016",3098
22-01-2016,"Baldwin Bikes","Trek Remedy 29 Carbon Frameset - 2016",3600
22-01-2016,"Baldwin Bikes","Electra Girl's Hawaii 1 (16-inch) - 2015/2016",270
22-01-2016,"Baldwin Bikes","Electra Cruiser 1 (24-Inch) - 2016",540
22-01-2016,"Baldwin Bikes","Heller Shagamaw Frame - 2016",1321
22-01-2016,"Baldwin Bikes","Electra Townie Original 7D EQ - Women's - 2016",1200
22-01-2016,"Baldwin Bikes","Pure Cycles Western 3-Speed - Women's - 2015/2016",449
23-01-2016,"Baldwin Bikes","Surly Wednesday Frameset - 2016",2000
23-01-2016,"Baldwin Bikes","Heller Shagamaw Frame - 2016",1321
23-01-2016,"Baldwin Bikes","Trek Conduit+ - 2016",3000
25-01-2016,"Baldwin Bikes","Electra Townie Original 7D EQ - 2016",1200
25-01-2016,"Baldwin Bikes","Electra Townie Original 21D - 2016",550
25-01-2016,"Baldwin Bikes","Surly Straggler - 2016",3098
25-01-2016,"Baldwin Bikes","Electra Townie Original 7D - 2015/2016",500
25-01-2016,"Baldwin Bikes","Electra Girl's Hawaii 1 (20-inch) - 2015/2016",300
25-01-2016,"Baldwin Bikes","Trek Slash 8 27.5 - 2016",8000
25-01-2016,"Baldwin Bikes","Electra Moto 1 - 2016",530
25-01-2016,"Baldwin Bikes","Surly Wednesday Frameset - 2016",2000
25-01-2016,"Baldwin Bikes","Electra Townie Original 7D EQ - 2016",1200
25-01-2016,"Baldwin Bikes","Electra Girl's Hawaii 1 (16-inch) - 2015/2016",540
27-01-2016,"Santa Cruz Bikes","Trek Remedy 29 Carbon Frameset - 2016",3600
27-01-2016,"Santa Cruz Bikes","Pure Cycles Vine 8-Speed - 2016",429
27-01-2016,"Baldwin Bikes","Electra Townie Original 7D EQ - 2016",1200
27-01-2016,"Baldwin Bikes","Pure Cycles William 3-Speed - 2016",898
27-01-2016,"Baldwin Bikes","Heller Shagamaw Frame - 2016",1321
27-01-2016,"Baldwin Bikes","Pure Cycles William 3-Speed - 2016",449
27-01-2016,"Baldwin Bikes","Electra Townie Original 21D - 2016",1100
27-01-2016,"Baldwin Bikes","Electra Cruiser 1 (24-Inch) - 2016",540
28-01-2016,"Baldwin Bikes","Electra Townie Original 7D EQ - 2016",600
28-01-2016,"Baldwin Bikes","Trek Slash 8 27.5 - 2016",4000
28-01-2016,"Baldwin Bikes","Electra Cruiser 1 (24-Inch) - 2016",540
28-01-2016,"Baldwin Bikes","Electra Girl's Hawaii 1 (16-inch) - 2015/2016",270
28-01-2016,"Baldwin Bikes","Trek Fuel EX 8 29 - 2016",5800
29-01-2016,"Baldwin Bikes","Pure Cycles Vine 8-Speed - 2016",429
29-01-2016,"Baldwin Bikes","Electra Cruiser 1 (24-Inch) - 2016",270
29-01-2016,"Baldwin Bikes","Electra Townie Original 7D - 2015/2016",1000
29-01-2016,"Baldwin Bikes","Electra Moto 1 - 2016",530
29-01-2016,"Baldwin Bikes","Surly Ice Cream Truck Frameset - 2016",470
30-01-2016,"Baldwin Bikes","Electra Girl's Hawaii 1 (16-inch) - 2015/2016",540
30-01-2016,"Baldwin Bikes","Heller Shagamaw Frame - 2016",2642
30-01-2016,"Baldwin Bikes","Trek Fuel EX 8 29 - 2016",2900
30-01-2016,"Baldwin Bikes","Surly Straggler 650b - 2016",1681
31-01-2016,"Baldwin Bikes","Electra Cruiser 1 (24-Inch) - 2016",540
31-01-2016,"Rowlett Bikes","Electra Cruiser 1 (24-Inch) - 2016",540
31-01-2016,"Rowlett Bikes","Electra Townie Original 7D EQ - 2016",1200
31-01-2016,"Rowlett Bikes","Surly Wednesday Frameset - 2016",1000
01-02-2016,"Baldwin Bikes","Electra Townie Original 7D EQ - 2016",1200
01-02-2016,"Baldwin Bikes","Electra Townie Original 7D EQ - Women's - 2016",600
01-02-2016,"Baldwin Bikes","Electra Cruiser 1 (24-Inch) - 2016",270
03-02-2016,"Santa Cruz Bikes","Electra Townie Original 7D - 2015/2016",500
03-02-2016,"Baldwin Bikes","Electra Townie Original 7D - 2015/2016",1000
03-02-2016,"Baldwin Bikes","Electra Girl's Hawaii 1 (16-inch) - 2015/2016",540
03-02-2016,"Baldwin Bikes","Electra Girl's Hawaii 1 (20-inch) - 2015/2016",600
03-02-2016,"Baldwin Bikes","Trek Remedy 29 Carbon Frameset - 2016",3600
04-02-2016,"Baldwin Bikes","Surly Wednesday Frameset - 2016",1000
04-02-2016,"Baldwin Bikes","Electra Townie Original 7D EQ - 2016",1200
04-02-2016,"Baldwin Bikes","Electra Moto 1 - 2016",1060
04-02-2016,"Baldwin Bikes","Electra Townie Original 7D - 2015/2016",1000
04-02-2016,"Baldwin Bikes","Electra Cruiser 1 (24-Inch) - 2016",270
04-02-2016,"Baldwin Bikes","Electra Townie Original 7D EQ - Women's - 2016",1200
04-02-2016,"Baldwin Bikes","Electra Cruiser 1 (24-Inch) - 2016",270
04-02-2016,"Baldwin Bikes","Pure Cycles William 3-Speed - 2016",898
04-02-2016,"Baldwin Bikes","Electra Girl's Hawaii 1 (20-inch) - 2015/2016",600
05-02-2016,"Baldwin Bikes","Electra Girl's Hawaii 1 (20-inch) - 2015/2016",300
05-02-2016,"Baldwin Bikes","Pure Cycles Western 3-Speed - Women's - 2015/2016",449
05-02-2016,"Baldwin Bikes","Electra Girl's Hawaii 1 (16-inch) - 2015/2016",540
05-02-2016,"Baldwin Bikes","Pure Cycles Vine 8-Speed - 2016",858
05-02-2016,"Baldwin Bikes","Ritchey Timberwolf Frameset - 2016",750
05-02-2016,"Baldwin Bikes","Electra Cruiser 1 (24-Inch) - 2016",270
06-02-2016,"Santa Cruz Bikes","Electra Girl's Hawaii 1 (16-inch) - 2015/2016",270
06-02-2016,"Santa Cruz Bikes","Electra Moto 1 - 2016",530
06-02-2016,"Santa Cruz Bikes","Trek Fuel EX 8 29 - 2016",2900
06-02-2016,"Santa Cruz Bikes","Electra Girl's Hawaii 1 (16-inch) - 2015/2016",540
06-02-2016,"Baldwin Bikes","Heller Shagamaw Frame - 2016",2642
06-02-2016,"Baldwin Bikes","Electra Moto 1 - 2016",1060
06-02-2016,"Baldwin Bikes","Electra Townie Original 7D - 2015/2016",500
07-02-2016,"Santa Cruz Bikes","Electra Girl's Hawaii 1 (16-inch) - 2015/2016",540
07-02-2016,"Santa Cruz Bikes","Trek Remedy 29 Carbon Frameset - 2016",3600
07-02-2016,"Santa Cruz Bikes","Electra Girl's Hawaii 1 (16-inch) - 2015/2016",270
07-02-2016,"Baldwin Bikes","Surly Wednesday Frameset - 2016",1000
07-02-2016,"Baldwin Bikes","Pure Cycles William 3-Speed - 2016",898
07-02-2016,"Baldwin Bikes","Electra Townie Original 7D - 2015/2016",1000
07-02-2016,"Baldwin Bikes","Electra Townie Original 21D - 2016",1100
07-02-2016,"Baldwin Bikes","Electra Girl's Hawaii 1 (20-inch) - 2015/2016",600
07-02-2016,"Baldwin Bikes","Electra Girl's Hawaii 1 (16-inch) - 2015/2016",540
07-02-2016,"Baldwin Bikes","Electra Townie Original 7D - 2015/2016",1000
08-02-2016,"Baldwin Bikes","Electra Townie Original 21D - 2016",550
09-02-2016,"Baldwin Bikes","Electra Townie Original 21D - 2016",550
09-02-2016,"Baldwin Bikes","Electra Girl's Hawaii 1 (20-inch) - 2015/2016",300
09-02-2016,"Baldwin Bikes","Ritchey Timberwolf Frameset - 2016",750
09-02-2016,"Rowlett Bikes","Pure Cycles William 3-Speed - 2016",449
09-02-2016,"Rowlett Bikes","Heller Shagamaw Frame - 2016",2642
09-02-2016,"Rowlett Bikes","Electra Cruiser 1 (24-Inch) - 2016",270
09-02-2016,"Rowlett Bikes","Electra Townie Original 21D - 2016",1100
09-02-2016,"Rowlett Bikes","Electra Girl's Hawaii 1 (20-inch) - 2015/2016",600
10-02-2016,"Baldwin Bikes","Pure Cycles Vine 8-Speed - 2016",429
10-02-2016,"Baldwin Bikes","Electra Cruiser 1 (24-Inch) - 2016",540
10-02-2016,"Baldwin Bikes","Surly Straggler - 2016",1549
10-02-2016,"Baldwin Bikes","Heller Shagamaw Frame - 2016",1321
10-02-2016,"Baldwin Bikes","Electra Girl's Hawaii 1 (16-inch) - 2015/2016",540
11-02-2016,"Baldwin Bikes","Pure Cycles Western 3-Speed - Women's - 2015/2016",449
11-02-2016,"Baldwin Bikes","Electra Townie Original 21D - 2016",550
11-02-2016,"Baldwin Bikes","Electra Townie Original 7D EQ - 2016",1200
12-02-2016,"Santa Cruz Bikes","Electra Cruiser 1 (24-Inch) - 2016",540
12-02-2016,"Santa Cruz Bikes","Electra Townie Original 21D - 2016",550
12-02-2016,"Santa Cruz Bikes","Pure Cycles Vine 8-Speed - 2016",858
12-02-2016,"Baldwin Bikes","Electra Girl's Hawaii 1 (20-inch) - 2015/2016",600
12-02-2016,"Baldwin Bikes","Electra Townie Original 7D - 2015/2016",500
12-02-2016,"Baldwin Bikes","Surly Wednesday Frameset - 2016",2000
12-02-2016,"Baldwin Bikes","Electra Townie Original 7D EQ - 2016",1200
12-02-2016,"Baldwin Bikes","Electra Girl's Hawaii 1 (16-inch) - 2015/2016",270
13-02-2016,"Baldwin Bikes","Surly Ice Cream Truck Frameset - 2016",470
13-02-2016,"Baldwin Bikes","Electra Townie Original 7D EQ - 2016",1200
14-02-2016,"Baldwin Bikes","Electra Moto 1 - 2016",530
14-02-2016,"Baldwin Bikes","Trek Slash 8 27.5 - 2016",8000
14-02-2016,"Baldwin Bikes","Surly Wednesday Frameset - 2016",1000
16-02-2016,"Santa Cruz Bikes","Electra Townie Original 7D - 2015/2016",500
16-02-2016,"Santa Cruz Bikes","Electra Townie Original 7D EQ - 2016",600
16-02-2016,"Santa Cruz Bikes","Electra Townie Original 21D - 2016",1100
16-02-2016,"Santa Cruz Bikes","Electra Townie Original 7D EQ - Women's - 2016",600
16-02-2016,"Baldwin Bikes","Electra Girl's Hawaii 1 (16-inch) - 2015/2016",540
16-02-2016,"Baldwin Bikes","Pure Cycles Western 3-Speed - Women's - 2015/2016",898
16-02-2016,"Baldwin Bikes","Pure Cycles William 3-Speed - 2016",449
16-02-2016,"Baldwin Bikes","Pure Cycles Vine 8-Speed - 2016",429
17-02-2016,"Santa Cruz Bikes","Electra Townie Original 7D - 2015/2016",1000
17-02-2016,"Santa Cruz Bikes","Surly Ice Cream Truck Frameset - 2016",470
17-02-2016,"Santa Cruz Bikes","Pure Cycles Vine 8-Speed - 2016",858
17-02-2016,"Santa Cruz Bikes","Trek Conduit+ - 2016",6000
17-02-2016,"Baldwin Bikes","Pure Cycles Vine 8-Speed - 2016",429
17-02-2016,"Baldwin Bikes","Electra Townie Original 21D - 2016",550
17-02-2016,"Baldwin Bikes","Electra Townie Original 7D EQ - 2016",600
17-02-2016,"Baldwin Bikes","Electra Townie Original 7D - 2015/2016",1000
17-02-2016,"Baldwin Bikes","Electra Girl's Hawaii 1 (20-inch) - 2015/2016",600
17-02-2016,"Baldwin Bikes","Surly Straggler - 2016",3098
18-02-2016,"Baldwin Bikes","Surly Straggler 650b - 2016",3362
18-02-2016,"Baldwin Bikes","Electra Townie Original 7D - 2015/2016",1000
19-02-2016,"Santa Cruz Bikes","Surly Wednesday Frameset - 2016",2000
19-02-2016,"Santa Cruz Bikes","Electra Townie Original 7D EQ - Women's - 2016",600
20-02-2016,"Baldwin Bikes","Electra Moto 1 - 2016",1060
20-02-2016,"Baldwin Bikes","Electra Girl's Hawaii 1 (20-inch) - 2015/2016",600
20-02-2016,"Baldwin Bikes","Pure Cycles Western 3-Speed - Women's - 2015/2016",449
20-02-2016,"Baldwin Bikes","Trek Fuel EX 8 29 - 2016",5800
21-02-2016,"Baldwin Bikes","Electra Moto 1 - 2016",530
21-02-2016,"Baldwin Bikes","Electra Cruiser 1 (24-Inch) - 2016",540
21-02-2016,"Baldwin Bikes","Electra Girl's Hawaii 1 (20-inch) - 2015/2016",600
21-02-2016,"Baldwin Bikes","Trek Conduit+ - 2016",6000
21-02-2016,"Baldwin Bikes","Electra Girl's Hawaii 1 (20-inch) - 2015/2016",600
21-02-2016,"Baldwin Bikes","Electra Townie Original 7D EQ - Women's - 2016",1200
21-02-2016,"Baldwin Bikes","Trek Slash 8 27.5 - 2016",4000
21-02-2016,"Baldwin Bikes","Trek Remedy 29 Carbon Frameset - 2016",3600
21-02-2016,"Baldwin Bikes","Surly Straggler - 2016",1549
21-02-2016,"Rowlett Bikes","Surly Ice Cream Truck Frameset - 2016",940
21-02-2016,"Rowlett Bikes","Heller Shagamaw Frame - 2016",1321
23-02-2016,"Baldwin Bikes","Surly Ice Cream Truck Frameset - 2016",470
23-02-2016,"Baldwin Bikes","Surly Wednesday Frameset - 2016",1000
25-02-2016,"Santa Cruz Bikes","Electra Cruiser 1 (24-Inch) - 2016",540
25-02-2016,"Santa Cruz Bikes","Electra Moto 1 - 2016",1060
25-02-2016,"Santa Cruz Bikes","Electra Townie Original 7D - 2015/2016",500
25-02-2016,"Santa Cruz Bikes","Surly Straggler 650b - 2016",1681
25-02-2016,"Baldwin Bikes","Trek Remedy 29 Carbon Frameset - 2016",1800
26-02-2016,"Santa Cruz Bikes","Surly Straggler - 2016",3098
26-02-2016,"Santa Cruz Bikes","Ritchey Timberwolf Frameset - 2016",750
26-02-2016,"Santa Cruz Bikes","Electra Cruiser 1 (24-Inch) - 2016",270
26-02-2016,"Santa Cruz Bikes","Pure Cycles Vine 8-Speed - 2016",429
26-02-2016,"Santa Cruz Bikes","Electra Girl's Hawaii 1 (16-inch) - 2015/2016",540
27-02-2016,"Santa Cruz Bikes","Electra Cruiser 1 (24-Inch) - 2016",540
27-02-2016,"Santa Cruz Bikes","Surly Straggler 650b - 2016",1681
27-02-2016,"Santa Cruz Bikes","Trek Fuel EX 8 29 - 2016",2900
27-02-2016,"Santa Cruz Bikes","Electra Townie Original 21D - 2016",550
27-02-2016,"Baldwin Bikes","Electra Townie Original 7D EQ - Women's - 2016",1200
27-02-2016,"Baldwin Bikes","Trek Remedy 29 Carbon Frameset - 2016",3600
27-02-2016,"Baldwin Bikes","Pure Cycles William 3-Speed - 2016",449
27-02-2016,"Baldwin Bikes","Surly Straggler - 2016",3098
27-02-2016,"Baldwin Bikes","Electra Girl's Hawaii 1 (20-inch) - 2015/2016",300
27-02-2016,"Baldwin Bikes","Electra Townie Original 7D EQ - 2016",600
28-02-2016,"Baldwin Bikes","Pure Cycles William 3-Speed - 2016",449
28-02-2016,"Baldwin Bikes","Surly Ice Cream Truck Frameset - 2016",940
28-02-2016,"Baldwin Bikes","Ritchey Timberwolf Frameset - 2016",750
28-02-2016,"Baldwin Bikes","Electra Townie Original 7D EQ - Women's - 2016",1200
28-02-2016,"Baldwin Bikes","Electra Girl's Hawaii 1 (16-inch) - 2015/2016",540
28-02-2016,"Baldwin Bikes","Ritchey Timberwolf Frameset - 2016",750
28-02-2016,"Baldwin Bikes","Electra Cruiser 1 (24-Inch) - 2016",270
28-02-2016,"Baldwin Bikes","Pure Cycles William 3-Speed - 2016",449
29-02-2016,"Rowlett Bikes","Electra Girl's Hawaii 1 (20-inch) - 2015/2016",600
29-02-2016,"Rowlett Bikes","Trek Slash 8 27.5 - 2016",8000
29-02-2016,"Rowlett Bikes","Electra Townie Original 7D - 2015/2016",1000
29-02-2016,"Rowlett Bikes","Electra Cruiser 1 (24-Inch) - 2016",270
29-02-2016,"Rowlett Bikes","Electra Cruiser 1 (24-Inch) - 2016",270
01-03-2016,"Baldwin Bikes","Electra Townie Original 21D - 2016",1100
01-03-2016,"Baldwin Bikes","Electra Townie Original 7D EQ - 2016",1200
01-03-2016,"Baldwin Bikes","Trek Slash 8 27.5 - 2016",8000
01-03-2016,"Baldwin Bikes","Surly Straggler 650b - 2016",3362
01-03-2016,"Baldwin Bikes","Electra Townie Original 21D - 2016",1100
01-03-2016,"Rowlett Bikes","Electra Townie Original 21D - 2016",1100
02-03-2016,"Baldwin Bikes","Electra Girl's Hawaii 1 (16-inch) - 2015/2016",270
02-03-2016,"Baldwin Bikes","Electra Moto 1 - 2016",530
03-03-2016,"Santa Cruz Bikes","Trek Conduit+ - 2016",6000
03-03-2016,"Santa Cruz Bikes","Electra Moto 1 - 2016",1060
03-03-2016,"Santa Cruz Bikes","Pure Cycles Western 3-Speed - Women's - 2015/2016",449
03-03-2016,"Santa Cruz Bikes","Surly Wednesday Frameset - 2016",1000
03-03-2016,"Santa Cruz Bikes","Pure Cycles Vine 8-Speed - 2016",429
03-03-2016,"Baldwin Bikes","Electra Townie Original 7D EQ - 2016",600
03-03-2016,"Baldwin Bikes","Pure Cycles William 3-Speed - 2016",898
03-03-2016,"Baldwin Bikes","Trek Conduit+ - 2016",3000
03-03-2016,"Baldwin Bikes","Surly Wednesday Frameset - 2016",1000
03-03-2016,"Baldwin Bikes","Surly Straggler 650b - 2016",3362
04-03-2016,"Rowlett Bikes","Electra Cruiser 1 (24-Inch) - 2016",540
04-03-2016,"Rowlett Bikes","Pure Cycles Vine 8-Speed - 2016",429
06-03-2016,"Santa Cruz Bikes","Electra Cruiser 1 (24-Inch) - 2016",540
06-03-2016,"Santa Cruz Bikes","Pure Cycles William 3-Speed - 2016",449
06-03-2016,"Baldwin Bikes","Electra Townie Original 7D EQ - 2016",1200
06-03-2016,"Baldwin Bikes","Electra Girl's Hawaii 1 (16-inch) - 2015/2016",540
06-03-2016,"Baldwin Bikes","Surly Straggler 650b - 2016",1681
06-03-2016,"Baldwin Bikes","Surly Ice Cream Truck Frameset - 2016",470
06-03-2016,"Baldwin Bikes","Electra Girl's Hawaii 1 (16-inch) - 2015/2016",540
06-03-2016,"Rowlett Bikes","Electra Girl's Hawaii 1 (16-inch) - 2015/2016",270
07-03-2016,"Baldwin Bikes","Electra Townie Original 21D - 2016",1100
07-03-2016,"Baldwin Bikes","Electra Girl's Hawaii 1 (16-inch) - 2015/2016",270
08-03-2016,"Baldwin Bikes","Heller Shagamaw Frame - 2016",1321
08-03-2016,"Baldwin Bikes","Electra Townie Original 21D - 2016",1100
08-03-2016,"Baldwin Bikes","Electra Townie Original 7D - 2015/2016",1000
08-03-2016,"Baldwin Bikes","Electra Girl's Hawaii 1 (20-inch) - 2015/2016",600
08-03-2016,"Baldwin Bikes","Heller Shagamaw Frame - 2016",2642
08-03-2016,"Baldwin Bikes","Electra Girl's Hawaii 1 (20-inch) - 2015/2016",300
08-03-2016,"Baldwin Bikes","Surly Ice Cream Truck Frameset - 2016",470
08-03-2016,"Baldwin Bikes","Electra Townie Original 21D - 2016",1100
08-03-2016,"Baldwin Bikes","Electra Townie Original 21D - 2016",1100
08-03-2016,"Baldwin Bikes","Electra Cruiser 1 (24-Inch) - 2016",540
08-03-2016,"Baldwin Bikes","Ritchey Timberwolf Frameset - 2016",750
08-03-2016,"Baldwin Bikes","Electra Townie Original 21D - 2016",550
09-03-2016,"Baldwin Bikes","Pure Cycles William 3-Speed - 2016",449
09-03-2016,"Baldwin Bikes","Electra Girl's Hawaii 1 (16-inch) - 2015/2016",270
10-03-2016,"Baldwin Bikes","Electra Townie Original 7D EQ - 2016",600
10-03-2016,"Baldwin Bikes","Pure Cycles William 3-Speed - 2016",449
10-03-2016,"Baldwin Bikes","Electra Girl's Hawaii 1 (16-inch) - 2015/2016",270
10-03-2016,"Baldwin Bikes","Electra Townie Original 7D EQ - 2016",600
10-03-2016,"Baldwin Bikes","Electra Girl's Hawaii 1 (16-inch) - 2015/2016",540
12-03-2016,"Santa Cruz Bikes","Electra Girl's Hawaii 1 (20-inch) - 2015/2016",600
12-03-2016,"Santa Cruz Bikes","Surly Wednesday Frameset - 2016",2000
12-03-2016,"Santa Cruz Bikes","Surly Ice Cream Truck Frameset - 2016",470
12-03-2016,"Santa Cruz Bikes","Trek Fuel EX 8 29 - 2016",2900
12-03-2016,"Santa Cruz Bikes","Pure Cycles Western 3-Speed - Women's - 2015/2016",449
12-03-2016,"Baldwin Bikes","Electra Townie Original 7D - 2015/2016",500
14-03-2016,"Baldwin Bikes","Electra Townie Original 7D EQ - 2016",1200
14-03-2016,"Baldwin Bikes","Pure Cycles Vine 8-Speed - 2016",429
14-03-2016,"Baldwin Bikes","Surly Straggler - 2016",3098
14-03-2016,"Baldwin Bikes","Surly Ice Cream Truck Frameset - 2016",940
14-03-2016,"Baldwin Bikes","Electra Cruiser 1 (24-Inch) - 2016",540
14-03-2016,"Baldwin Bikes","Ritchey Timberwolf Frameset - 2016",1500
14-03-2016,"Baldwin Bikes","Electra Townie Original 21D - 2016",1100
14-03-2016,"Baldwin Bikes","Trek Fuel EX 8 29 - 2016",5800
14-03-2016,"Baldwin Bikes","Electra Girl's Hawaii 1 (16-inch) - 2015/2016",540
14-03-2016,"Baldwin Bikes","Heller Shagamaw Frame - 2016",1321
14-03-2016,"Baldwin Bikes","Electra Townie Original 7D EQ - 2016",600
15-03-2016,"Baldwin Bikes","Electra Townie Original 21D - 2016",1100
16-03-2016,"Santa Cruz Bikes","Trek Slash 8 27.5 - 2016",8000
16-03-2016,"Santa Cruz Bikes","Trek Fuel EX 8 29 - 2016",2900
16-03-2016,"Santa Cruz Bikes","Electra Townie Original 7D EQ - 2016",600
16-03-2016,"Baldwin Bikes","Pure Cycles Vine 8-Speed - 2016",429
16-03-2016,"Baldwin Bikes","Trek Conduit+ - 2016",6000
17-03-2016,"Rowlett Bikes","Trek Fuel EX 8 29 - 2016",5800
17-03-2016,"Rowlett Bikes","Electra Townie Original 7D EQ - Women's - 2016",600
17-03-2016,"Rowlett Bikes","Pure Cycles Vine 8-Speed - 2016",429
18-03-2016,"Baldwin Bikes","Surly Wednesday Frameset - 2016",2000
18-03-2016,"Baldwin Bikes","Trek Fuel EX 8 29 - 2016",5800
18-03-2016,"Baldwin Bikes","Electra Townie Original 7D EQ - 2016",1200
18-03-2016,"Baldwin Bikes","Electra Townie Original 21D - 2016",1100
19-03-2016,"Baldwin Bikes","Trek Conduit+ - 2016",3000
19-03-2016,"Baldwin Bikes","Pure Cycles Western 3-Speed - Women's - 2015/2016",449
19-03-2016,"Baldwin Bikes","Heller Shagamaw Frame - 2016",2642
19-03-2016,"Baldwin Bikes","Electra Townie Original 7D EQ - 2016",600
19-03-2016,"Rowlett Bikes","Electra Townie Original 21D - 2016",1100
19-03-2016,"Rowlett Bikes","Trek Fuel EX 8 29 - 2016",5800
19-03-2016,"Rowlett Bikes","Electra Girl's Hawaii 1 (16-inch) - 2015/2016",540
20-03-2016,"Santa Cruz Bikes","Trek Conduit+ - 2016",3000
20-03-2016,"Santa Cruz Bikes","Electra Townie Original 7D EQ - Women's - 2016",600
20-03-2016,"Santa Cruz Bikes","Ritchey Timberwolf Frameset - 2016",1500
20-03-2016,"Baldwin Bikes","Electra Girl's Hawaii 1 (16-inch) - 2015/2016",270
20-03-2016,"Baldwin Bikes","Electra Cruiser 1 (24-Inch) - 2016",540
20-03-2016,"Baldwin Bikes","Pure Cycles Western 3-Speed - Women's - 2015/2016",898
20-03-2016,"Baldwin Bikes","Ritchey Timberwolf Frameset - 2016",1500
20-03-2016,"Baldwin Bikes","Pure Cycles William 3-Speed - 2016",898
21-03-2016,"Baldwin Bikes","Ritchey Timberwolf Frameset - 2016",750
21-03-2016,"Baldwin Bikes","Electra Townie Original 7D - 2015/2016",500
21-03-2016,"Baldwin Bikes","Pure Cycles Western 3-Speed - Women's - 2015/2016",898
21-03-2016,"Baldwin Bikes","Heller Shagamaw Frame - 2016",2642
21-03-2016,"Rowlett Bikes","Surly Wednesday Frameset - 2016",2000
21-03-2016,"Rowlett Bikes","Trek Slash 8 27.5 - 2016",8000
23-03-2016,"Baldwin Bikes","Electra Girl's Hawaii 1 (16-inch) - 2015/2016",270
23-03-2016,"Baldwin Bikes","Electra Girl's Hawaii 1 (20-inch) - 2015/2016",300
23-03-2016,"Baldwin Bikes","Surly Ice Cream Truck Frameset - 2016",470
23-03-2016,"Baldwin Bikes","Electra Townie Original 7D EQ - 2016",1200
23-03-2016,"Baldwin Bikes","Surly Wednesday Frameset - 2016",1000
23-03-2016,"Baldwin Bikes","Pure Cycles William 3-Speed - 2016",898
23-03-2016,"Baldwin Bikes","Surly Wednesday Frameset - 2016",1000
23-03-2016,"Baldwin Bikes","Electra Townie Original 21D - 2016",1100
23-03-2016,"Baldwin Bikes","Electra Cruiser 1 (24-Inch) - 2016",270
23-03-2016,"Baldwin Bikes","Electra Moto 1 - 2016",530
25-03-2016,"Baldwin Bikes","Pure Cycles Western 3-Speed - Women's - 2015/2016",449
26-03-2016,"Santa Cruz Bikes","Pure Cycles William 3-Speed - 2016",449
26-03-2016,"Santa Cruz Bikes","Surly Straggler 650b - 2016",3362
26-03-2016,"Santa Cruz Bikes","Electra Townie Original 7D EQ - 2016",1200
26-03-2016,"Baldwin Bikes","Surly Ice Cream Truck Frameset - 2016",470
26-03-2016,"Baldwin Bikes","Trek Remedy 29 Carbon Frameset - 2016",3600
27-03-2016,"Baldwin Bikes","Trek Conduit+ - 2016",6000
27-03-2016,"Baldwin Bikes","Surly Straggler 650b - 2016",1681
28-03-2016,"Santa Cruz Bikes","Ritchey Timberwolf Frameset - 2016",750
28-03-2016,"Santa Cruz Bikes","Surly Ice Cream Truck Frameset - 2016",940
28-03-2016,"Santa Cruz Bikes","Electra Townie Original 7D EQ - Women's - 2016",1200
28-03-2016,"Santa Cruz Bikes","Electra Townie Original 21D - 2016",550
28-03-2016,"Santa Cruz Bikes","Surly Wednesday Frameset - 2016",2000
28-03-2016,"Baldwin Bikes","Electra Townie Original 7D EQ - 2016",1200
28-03-2016,"Baldwin Bikes","Electra Girl's Hawaii 1 (16-inch) - 2015/2016",270
28-03-2016,"Baldwin Bikes","Electra Cruiser 1 (24-Inch) - 2016",540
28-03-2016,"Baldwin Bikes","Electra Townie Original 21D - 2016",1100
29-03-2016,"Santa Cruz Bikes","Electra Townie Original 7D - 2015/2016",1000
29-03-2016,"Santa Cruz Bikes","Pure Cycles Vine 8-Speed - 2016",429
29-03-2016,"Santa Cruz Bikes","Surly Wednesday Frameset - 2016",1000
29-03-2016,"Santa Cruz Bikes","Trek Slash 8 27.5 - 2016",4000
29-03-2016,"Santa Cruz Bikes","Electra Townie Original 7D EQ - 2016",600
29-03-2016,"Santa Cruz Bikes","Pure Cycles Vine 8-Speed - 2016",429
29-03-2016,"Baldwin Bikes","Electra Townie Original 7D EQ - 2016",1200
29-03-2016,"Baldwin Bikes","Electra Girl's Hawaii 1 (16-inch) - 2015/2016",540
29-03-2016,"Baldwin Bikes","Surly Ice Cream Truck Frameset - 2016",940
30-03-2016,"Baldwin Bikes","Electra Moto 1 - 2016",1060
30-03-2016,"Baldwin Bikes","Trek Remedy 29 Carbon Frameset - 2016",1800
30-03-2016,"Baldwin Bikes","Electra Townie Original 7D EQ - 2016",600
31-03-2016,"Santa Cruz Bikes","Electra Townie Original 21D - 2016",550
02-04-2016,"Baldwin Bikes","Trek Remedy 29 Carbon Frameset - 2016",1800
03-04-2016,"Santa Cruz Bikes","Surly Ice Cream Truck Frameset - 2016",470
03-04-2016,"Santa Cruz Bikes","Pure Cycles Vine 8-Speed - 2016",858
03-04-2016,"Santa Cruz Bikes","Pure Cycles Western 3-Speed - Women's - 2015/2016",898
03-04-2016,"Rowlett Bikes","Trek Slash 8 27.5 - 2016",8000
03-04-2016,"Rowlett Bikes","Trek Fuel EX 8 29 - 2016",2900
04-04-2016,"Santa Cruz Bikes","Electra Cruiser 1 (24-Inch) - 2016",270
04-04-2016,"Baldwin Bikes","Surly Straggler 650b - 2016",1681
04-04-2016,"Baldwin Bikes","Pure Cycles Western 3-Speed - Women's - 2015/2016",898
04-04-2016,"Baldwin Bikes","Electra Moto 1 - 2016",1060
04-04-2016,"Baldwin Bikes","Electra Cruiser 1 (24-Inch) - 2016",270
04-04-2016,"Baldwin Bikes","Trek Slash 8 27.5 - 2016",8000
04-04-2016,"Baldwin Bikes","Electra Girl's Hawaii 1 (16-inch) - 2015/2016",270
04-04-2016,"Baldwin Bikes","Electra Townie Original 21D - 2016",1100
06-04-2016,"Santa Cruz Bikes","Surly Wednesday Frameset - 2016",2000
06-04-2016,"Santa Cruz Bikes","Electra Cruiser 1 (24-Inch) - 2016",540
06-04-2016,"Santa Cruz Bikes","Pure Cycles Western 3-Speed - Women's - 2015/2016",449
06-04-2016,"Baldwin Bikes","Pure Cycles Western 3-Speed - Women's - 2015/2016",449
06-04-2016,"Baldwin Bikes","Electra Townie Original 21D - 2016",550
07-04-2016,"Baldwin Bikes","Electra Girl's Hawaii 1 (16-inch) - 2015/2016",270
07-04-2016,"Baldwin Bikes","Surly Straggler - 2016",3098
07-04-2016,"Baldwin Bikes","Trek Fuel EX 8 29 - 2016",5800
08-04-2016,"Santa Cruz Bikes","Ritchey Timberwolf Frameset - 2016",750
08-04-2016,"Santa Cruz Bikes","Electra Girl's Hawaii 1 (20-inch) - 2015/2016",300
08-04-2016,"Santa Cruz Bikes","Trek Fuel EX 8 29 - 2016",5800
08-04-2016,"Baldwin Bikes","Surly Straggler 650b - 2016",1681
08-04-2016,"Baldwin Bikes","Surly Straggler - 2016",3098
08-04-2016,"Baldwin Bikes","Trek Slash 8 27.5 - 2016",8000
08-04-2016,"Baldwin Bikes","Electra Cruiser 1 (24-Inch) - 2016",540
08-04-2016,"Baldwin Bikes","Surly Straggler - 2016",1549
08-04-2016,"Baldwin Bikes","Electra Townie Original 21D - 2016",550
09-04-2016,"Santa Cruz Bikes","Electra Girl's Hawaii 1 (16-inch) - 2015/2016",540
09-04-2016,"Santa Cruz Bikes","Electra Townie Original 21D - 2016",1100
09-04-2016,"Santa Cruz Bikes","Surly Straggler 650b - 2016",3362
09-04-2016,"Santa Cruz Bikes","Surly Ice Cream Truck Frameset - 2016",470
10-04-2016,"Baldwin Bikes","Electra Girl's Hawaii 1 (16-inch) - 2015/2016",540
10-04-2016,"Baldwin Bikes","Surly Straggler 650b - 2016",1681
10-04-2016,"Baldwin Bikes","Surly Straggler - 2016",1549
10-04-2016,"Baldwin Bikes","Heller Shagamaw Frame - 2016",1321
10-04-2016,"Baldwin Bikes","Electra Townie Original 7D EQ - Women's - 2016",1200
10-04-2016,"Baldwin Bikes","Pure Cycles Western 3-Speed - Women's - 2015/2016",898
10-04-2016,"Baldwin Bikes","Trek Slash 8 27.5 - 2016",4000
10-04-2016,"Baldwin Bikes","Electra Townie Original 21D - 2016",550
10-04-2016,"Baldwin Bikes","Electra Townie Original 21D - 2016",1100
11-04-2016,"Santa Cruz Bikes","Trek Remedy 29 Carbon Frameset - 2016",1800
11-04-2016,"Baldwin Bikes","Electra Townie Original 7D EQ - 2016",600
11-04-2016,"Baldwin Bikes","Electra Girl's Hawaii 1 (20-inch) - 2015/2016",300
11-04-2016,"Rowlett Bikes","Electra Townie Original 7D EQ - Women's - 2016",1200
11-04-2016,"Rowlett Bikes","Electra Townie Original 7D EQ - 2016",600
11-04-2016,"Rowlett Bikes","Electra Girl's Hawaii 1 (16-inch) - 2015/2016",270
12-04-2016,"Baldwin Bikes","Pure Cycles William 3-Speed - 2016",898
12-04-2016,"Baldwin Bikes","Electra Girl's Hawaii 1 (16-inch) - 2015/2016",540
13-04-2016,"Baldwin Bikes","Pure Cycles William 3-Speed - 2016",449
13-04-2016,"Baldwin Bikes","Electra Cruiser 1 (24-Inch) - 2016",540
13-04-2016,"Baldwin Bikes","Ritchey Timberwolf Frameset - 2016",1500
13-04-2016,"Baldwin Bikes","Heller Shagamaw Frame - 2016",1321
15-04-2016,"Baldwin Bikes","Electra Townie Original 7D EQ - 2016",1200
15-04-2016,"Baldwin Bikes","Surly Straggler 650b - 2016",3362
15-04-2016,"Baldwin Bikes","Ritchey Timberwolf Frameset - 2016",1500
16-04-2016,"Santa Cruz Bikes","Electra Townie Original 7D EQ - Women's - 2016",1200
16-04-2016,"Baldwin Bikes","Pure Cycles Western 3-Speed - Women's - 2015/2016",449
16-04-2016,"Baldwin Bikes","Surly Wednesday Frameset - 2016",1000
16-04-2016,"Baldwin Bikes","Electra Townie Original 21D - 2016",550
16-04-2016,"Baldwin Bikes","Surly Straggler - 2016",3098
17-04-2016,"Baldwin Bikes","Electra Townie Original 7D EQ - Women's - 2016",1200
17-04-2016,"Baldwin Bikes","Electra Townie Original 21D - 2016",1100
17-04-2016,"Baldwin Bikes","Pure Cycles Western 3-Speed - Women's - 2015/2016",449
17-04-2016,"Baldwin Bikes","Electra Townie Original 7D EQ - 2016",600
17-04-2016,"Baldwin Bikes","Electra Cruiser 1 (24-Inch) - 2016",540
17-04-2016,"Baldwin Bikes","Electra Townie Original 7D EQ - 2016",600
18-04-2016,"Santa Cruz Bikes","Electra Townie Original 21D - 2016",1100
18-04-2016,"Santa Cruz Bikes","Electra Moto 1 - 2016",1060
18-04-2016,"Santa Cruz Bikes","Surly Straggler 650b - 2016",1681
18-04-2016,"Santa Cruz Bikes","Surly Straggler - 2016",1549
18-04-2016,"Baldwin Bikes","Electra Townie Original 21D - 2016",1100
18-04-2016,"Baldwin Bikes","Electra Townie Original 7D - 2015/2016",1000
19-04-2016,"Baldwin Bikes","Pure Cycles Vine 8-Speed - 2016",429
19-04-2016,"Baldwin Bikes","Pure Cycles William 3-Speed - 2016",449
19-04-2016,"Baldwin Bikes","Electra Townie Original 21D - 2016",1100
19-04-2016,"Baldwin Bikes","Surly Straggler 650b - 2016",3362
19-04-2016,"Baldwin Bikes","Electra Girl's Hawaii 1 (16-inch) - 2015/2016",270
19-04-2016,"Baldwin Bikes","Heller Shagamaw Frame - 2016",1321
19-04-2016,"Baldwin Bikes","Trek Fuel EX 8 29 - 2016",2900
21-04-2016,"Baldwin Bikes","Surly Ice Cream Truck Frameset - 2016",470
21-04-2016,"Baldwin Bikes","Trek Fuel EX 8 29 - 2016",2900
22-04-2016,"Baldwin Bikes","Heller Shagamaw Frame - 2016",1321
22-04-2016,"Baldwin Bikes","Trek Slash 8 27.5 - 2016",8000
23-04-2016,"Santa Cruz Bikes","Electra Townie Original 7D EQ - 2016",1200
23-04-2016,"Baldwin Bikes","Surly Wednesday Frameset - 2016",2000
23-04-2016,"Baldwin Bikes","Electra Moto 1 - 2016",530
23-04-2016,"Baldwin Bikes","Electra Townie Original 21D - 2016",550
27-04-2016,"Santa Cruz Bikes","Electra Girl's Hawaii 1 (20-inch) - 2015/2016",300
27-04-2016,"Santa Cruz Bikes","Trek Remedy 29 Carbon Frameset - 2016",3600
27-04-2016,"Santa Cruz Bikes","Surly Wednesday Frameset - 2016",1000
27-04-2016,"Santa Cruz Bikes","Electra Townie Original 21D - 2016",1100
27-04-2016,"Santa Cruz Bikes","Electra Townie Original 7D - 2015/2016",500
27-04-2016,"Baldwin Bikes","Surly Straggler - 2016",3098
27-04-2016,"Baldwin Bikes","Electra Townie Original 21D - 2016",1100
27-04-2016,"Baldwin Bikes","Ritchey Timberwolf Frameset - 2016",750
27-04-2016,"Baldwin Bikes","Electra Townie Original 7D - 2015/2016",500
27-04-2016,"Baldwin Bikes","Trek Remedy 29 Carbon Frameset - 2016",3600
28-04-2016,"Santa Cruz Bikes","Electra Townie Original 21D - 2016",1100
28-04-2016,"Baldwin Bikes","Electra Cruiser 1 (24-Inch) - 2016",540
28-04-2016,"Baldwin Bikes","Electra Cruiser 1 (24-Inch) - 2016",540
28-04-2016,"Baldwin Bikes","Trek Fuel EX 8 29 - 2016",5800
28-04-2016,"Baldwin Bikes","Heller Shagamaw Frame - 2016",2642
28-04-2016,"Baldwin Bikes","Electra Girl's Hawaii 1 (16-inch) - 2015/2016",270
28-04-2016,"Baldwin Bikes","Pure Cycles Western 3-Speed - Women's - 2015/2016",449
28-04-2016,"Baldwin Bikes","Electra Townie Original 7D EQ - Women's - 2016",600
28-04-2016,"Baldwin Bikes","Electra Townie Original 21D - 2016",550
28-04-2016,"Baldwin Bikes","Surly Straggler - 2016",3098
28-04-2016,"Baldwin Bikes","Surly Wednesday Frameset - 2016",2000
28-04-2016,"Baldwin Bikes","Surly Ice Cream Truck Frameset - 2016",470
30-04-2016,"Baldwin Bikes","Ritchey Timberwolf Frameset - 2016",1500
30-04-2016,"Baldwin Bikes","Trek Fuel EX 8 29 - 2016",5800
01-05-2016,"Baldwin Bikes","Pure Cycles Vine 8-Speed - 2016",429
01-05-2016,"Baldwin Bikes","Electra Cruiser 1 (24-Inch) - 2016",540
01-05-2016,"Baldwin Bikes","Trek Remedy 29 Carbon Frameset - 2016",3600
01-05-2016,"Baldwin Bikes","Electra Townie Original 7D EQ - Women's - 2016",1200
01-05-2016,"Baldwin Bikes","Surly Ice Cream Truck Frameset - 2016",940
01-05-2016,"Baldwin Bikes","Trek Fuel EX 8 29 - 2016",2900
01-05-2016,"Baldwin Bikes","Pure Cycles Western 3-Speed - Women's - 2015/2016",898
01-05-2016,"Baldwin Bikes","Electra Townie Original 7D - 2015/2016",1000
01-05-2016,"Baldwin Bikes","Electra Girl's Hawaii 1 (16-inch) - 2015/2016",540
01-05-2016,"Baldwin Bikes","Electra Girl's Hawaii 1 (20-inch) - 2015/2016",600
01-05-2016,"Rowlett Bikes","Pure Cycles Vine 8-Speed - 2016",429
01-05-2016,"Rowlett Bikes","Electra Girl's Hawaii 1 (16-inch) - 2015/2016",540
01-05-2016,"Rowlett Bikes","Trek Slash 8 27.5 - 2016",4000
01-05-2016,"Rowlett Bikes","Electra Townie Original 21D - 2016",550
03-05-2016,"Santa Cruz Bikes","Electra Townie Original 7D - 2015/2016",1000
03-05-2016,"Santa Cruz Bikes","Electra Moto 1 - 2016",1060
03-05-2016,"Santa Cruz Bikes","Pure Cycles Vine 8-Speed - 2016",429
03-05-2016,"Santa Cruz Bikes","Trek Remedy 29 Carbon Frameset - 2016",1800
03-05-2016,"Rowlett Bikes","Pure Cycles William 3-Speed - 2016",898
03-05-2016,"Rowlett Bikes","Pure Cycles Vine 8-Speed - 2016",858
03-05-2016,"Rowlett Bikes","Surly Wednesday Frameset - 2016",2000
03-05-2016,"Rowlett Bikes","Electra Townie Original 7D EQ - 2016",600
04-05-2016,"Baldwin Bikes","Pure Cycles Vine 8-Speed - 2016",858
04-05-2016,"Baldwin Bikes","Surly Ice Cream Truck Frameset - 2016",940
04-05-2016,"Baldwin Bikes","Electra Townie Original 21D - 2016",1100
04-05-2016,"Baldwin Bikes","Electra Girl's Hawaii 1 (16-inch) - 2015/2016",540
04-05-2016,"Rowlett Bikes","Electra Townie Original 7D EQ - Women's - 2016",600
04-05-2016,"Rowlett Bikes","Electra Townie Original 7D - 2015/2016",500
05-05-2016,"Baldwin Bikes","Trek Slash 8 27.5 - 2016",8000
05-05-2016,"Baldwin Bikes","Surly Straggler 650b - 2016",3362
05-05-2016,"Baldwin Bikes","Heller Shagamaw Frame - 2016",1321
05-05-2016,"Baldwin Bikes","Electra Townie Original 21D - 2016",1100
06-05-2016,"Baldwin Bikes","Surly Straggler - 2016",3098
06-05-2016,"Baldwin Bikes","Electra Townie Original 21D - 2016",550
06-05-2016,"Baldwin Bikes","Surly Wednesday Frameset - 2016",1000
06-05-2016,"Baldwin Bikes","Trek Fuel EX 8 29 - 2016",5800
06-05-2016,"Baldwin Bikes","Surly Ice Cream Truck Frameset - 2016",940
07-05-2016,"Baldwin Bikes","Electra Cruiser 1 (24-Inch) - 2016",270
07-05-2016,"Baldwin Bikes","Electra Cruiser 1 (24-Inch) - 2016",540
07-05-2016,"Baldwin Bikes","Electra Girl's Hawaii 1 (16-inch) - 2015/2016",270
07-05-2016,"Baldwin Bikes","Ritchey Timberwolf Frameset - 2016",1500
07-05-2016,"Baldwin Bikes","Surly Straggler - 2016",1549
08-05-2016,"Baldwin Bikes","Trek Slash 8 27.5 - 2016",4000
08-05-2016,"Baldwin Bikes","Pure Cycles William 3-Speed - 2016",449
08-05-2016,"Baldwin Bikes","Electra Townie Original 21D - 2016",1100
08-05-2016,"Baldwin Bikes","Electra Townie Original 7D EQ - 2016",1200
08-05-2016,"Rowlett Bikes","Electra Cruiser 1 (24-Inch) - 2016",270
10-05-2016,"Baldwin Bikes","Electra Cruiser 1 (24-Inch) - 2016",270
10-05-2016,"Baldwin Bikes","Electra Townie Original 21D - 2016",1100
10-05-2016,"Baldwin Bikes","Pure Cycles William 3-Speed - 2016",449
11-05-2016,"Santa Cruz Bikes","Electra Townie Original 7D EQ - 2016",1200
11-05-2016,"Santa Cruz Bikes","Electra Girl's Hawaii 1 (16-inch) - 2015/2016",540
11-05-2016,"Baldwin Bikes","Pure Cycles Vine 8-Speed - 2016",429
11-05-2016,"Baldwin Bikes","Surly Straggler - 2016",3098
11-05-2016,"Baldwin Bikes","Pure Cycles Western 3-Speed - Women's - 2015/2016",449
12-05-2016,"Baldwin Bikes","Electra Townie Original 21D - 2016",550
12-05-2016,"Baldwin Bikes","Electra Cruiser 1 (24-Inch) - 2016",270
12-05-2016,"Baldwin Bikes","Ritchey Timberwolf Frameset - 2016",1500
12-05-2016,"Baldwin Bikes","Heller Shagamaw Frame - 2016",1321
12-05-2016,"Baldwin Bikes","Electra Townie Original 7D EQ - 2016",600
12-05-2016,"Baldwin Bikes","Surly Wednesday Frameset - 2016",2000
12-05-2016,"Baldwin Bikes","Electra Girl's Hawaii 1 (16-inch) - 2015/2016",540
12-05-2016,"Baldwin Bikes","Electra Townie Original 7D - 2015/2016",500
12-05-2016,"Baldwin Bikes","Surly Ice Cream Truck Frameset - 2016",940
13-05-2016,"Santa Cruz Bikes","Surly Straggler 650b - 2016",3362
13-05-2016,"Baldwin Bikes","Ritchey Timberwolf Frameset - 2016",1500
13-05-2016,"Baldwin Bikes","Surly Straggler - 2016",1549
15-05-2016,"Baldwin Bikes","Electra Moto 1 - 2016",530
15-05-2016,"Baldwin Bikes","Electra Townie Original 7D EQ - Women's - 2016",600
15-05-2016,"Baldwin Bikes","Electra Cruiser 1 (24-Inch) - 2016",540
15-05-2016,"Baldwin Bikes","Heller Shagamaw Frame - 2016",1321
15-05-2016,"Baldwin Bikes","Trek Slash 8 27.5 - 2016",8000
17-05-2016,"Santa Cruz Bikes","Electra Townie Original 7D - 2015/2016",500
17-05-2016,"Santa Cruz Bikes","Surly Straggler - 2016",3098
17-05-2016,"Santa Cruz Bikes","Surly Straggler 650b - 2016",3362
17-05-2016,"Santa Cruz Bikes","Surly Ice Cream Truck Frameset - 2016",470
17-05-2016,"Santa Cruz Bikes","Trek Conduit+ - 2016",3000
17-05-2016,"Santa Cruz Bikes","Electra Cruiser 1 (24-Inch) - 2016",270
17-05-2016,"Santa Cruz Bikes","Ritchey Timberwolf Frameset - 2016",750
17-05-2016,"Baldwin Bikes","Electra Moto 1 - 2016",1060
17-05-2016,"Baldwin Bikes","Surly Wednesday Frameset - 2016",2000
17-05-2016,"Baldwin Bikes","Electra Girl's Hawaii 1 (16-inch) - 2015/2016",270
17-05-2016,"Baldwin Bikes","Trek Fuel EX 8 29 - 2016",2900
17-05-2016,"Baldwin Bikes","Electra Girl's Hawaii 1 (20-inch) - 2015/2016",600
17-05-2016,"Baldwin Bikes","Ritchey Timberwolf Frameset - 2016",1500
17-05-2016,"Baldwin Bikes","Electra Townie Original 7D - 2015/2016",500
19-05-2016,"Baldwin Bikes","Trek Remedy 29 Carbon Frameset - 2016",1800
19-05-2016,"Baldwin Bikes","Heller Shagamaw Frame - 2016",2642
19-05-2016,"Baldwin Bikes","Electra Townie Original 7D - 2015/2016",1000
19-05-2016,"Baldwin Bikes","Surly Straggler 650b - 2016",3362
19-05-2016,"Baldwin Bikes","Heller Shagamaw Frame - 2016",2642
19-05-2016,"Baldwin Bikes","Electra Girl's Hawaii 1 (16-inch) - 2015/2016",540
19-05-2016,"Baldwin Bikes","Trek Remedy 29 Carbon Frameset - 2016",3600
20-05-2016,"Santa Cruz Bikes","Trek Remedy 29 Carbon Frameset - 2016",3600
20-05-2016,"Santa Cruz Bikes","Electra Townie Original 7D EQ - 2016",1200
20-05-2016,"Santa Cruz Bikes","Surly Straggler 650b - 2016",3362
20-05-2016,"Santa Cruz Bikes","Pure Cycles Western 3-Speed - Women's - 2015/2016",449
21-05-2016,"Baldwin Bikes","Electra Moto 1 - 2016",1060
21-05-2016,"Baldwin Bikes","Electra Townie Original 21D - 2016",550
21-05-2016,"Baldwin Bikes","Electra Townie Original 7D EQ - 2016",1200
21-05-2016,"Baldwin Bikes","Electra Girl's Hawaii 1 (16-inch) - 2015/2016",270
22-05-2016,"Baldwin Bikes","Electra Girl's Hawaii 1 (20-inch) - 2015/2016",300
22-05-2016,"Baldwin Bikes","Trek Slash 8 27.5 - 2016",4000
22-05-2016,"Baldwin Bikes","Electra Townie Original 21D - 2016",550
22-05-2016,"Baldwin Bikes","Pure Cycles Vine 8-Speed - 2016",858
22-05-2016,"Baldwin Bikes","Surly Straggler 650b - 2016",3362
24-05-2016,"Baldwin Bikes","Trek Slash 8 27.5 - 2016",8000
24-05-2016,"Baldwin Bikes","Electra Cruiser 1 (24-Inch) - 2016",540
24-05-2016,"Baldwin Bikes","Surly Ice Cream Truck Frameset - 2016",470
25-05-2016,"Baldwin Bikes","Trek Fuel EX 8 29 - 2016",5800
25-05-2016,"Baldwin Bikes","Ritchey Timberwolf Frameset - 2016",1500
25-05-2016,"Baldwin Bikes","Surly Wednesday Frameset - 2016",2000
25-05-2016,"Baldwin Bikes","Electra Townie Original 7D EQ - 2016",600
25-05-2016,"Baldwin Bikes","Electra Townie Original 7D EQ - Women's - 2016",1200
25-05-2016,"Baldwin Bikes","Electra Townie Original 21D - 2016",550
25-05-2016,"Baldwin Bikes","Electra Moto 1 - 2016",530
26-05-2016,"Baldwin Bikes","Trek Slash 8 27.5 - 2016",4000
26-05-2016,"Baldwin Bikes","Electra Girl's Hawaii 1 (16-inch) - 2015/2016",540
26-05-2016,"Baldwin Bikes","Electra Cruiser 1 (24-Inch) - 2016",540
26-05-2016,"Baldwin Bikes","Electra Townie Original 7D - 2015/2016",500
26-05-2016,"Baldwin Bikes","Electra Townie Original 7D EQ - Women's - 2016",1200
27-05-2016,"Baldwin Bikes","Pure Cycles Western 3-Speed - Women's - 2015/2016",898
27-05-2016,"Baldwin Bikes","Heller Shagamaw Frame - 2016",1321
27-05-2016,"Baldwin Bikes","Trek Remedy 29 Carbon Frameset - 2016",1800
27-05-2016,"Baldwin Bikes","Trek Conduit+ - 2016",3000
27-05-2016,"Baldwin Bikes","Trek Slash 8 27.5 - 2016",4000
27-05-2016,"Baldwin Bikes","Surly Wednesday Frameset - 2016",1000
27-05-2016,"Rowlett Bikes","Trek Slash 8 27.5 - 2016",8000
27-05-2016,"Rowlett Bikes","Pure Cycles William 3-Speed - 2016",898
27-05-2016,"Rowlett Bikes","Electra Townie Original 7D - 2015/2016",1000
28-05-2016,"Baldwin Bikes","Electra Girl's Hawaii 1 (16-inch) - 2015/2016",270
28-05-2016,"Baldwin Bikes","Electra Townie Original 7D - 2015/2016",500
28-05-2016,"Baldwin Bikes","Pure Cycles William 3-Speed - 2016",449
29-05-2016,"Baldwin Bikes","Trek Remedy 29 Carbon Frameset - 2016",1800
29-05-2016,"Baldwin Bikes","Surly Straggler - 2016",3098
30-05-2016,"Santa Cruz Bikes","Surly Wednesday Frameset - 2016",1000
30-05-2016,"Santa Cruz Bikes","Electra Townie Original 7D - 2015/2016",500
30-05-2016,"Baldwin Bikes","Trek Conduit+ - 2016",3000
30-05-2016,"Baldwin Bikes","Pure Cycles Vine 8-Speed - 2016",429
30-05-2016,"Baldwin Bikes","Electra Townie Original 7D EQ - 2016",1200
30-05-2016,"Baldwin Bikes","Electra Cruiser 1 (24-Inch) - 2016",270
01-06-2016,"Baldwin Bikes","Electra Girl's Hawaii 1 (16-inch) - 2015/2016",270
01-06-2016,"Baldwin Bikes","Pure Cycles Western 3-Speed - Women's - 2015/2016",898
01-06-2016,"Baldwin Bikes","Trek Slash 8 27.5 - 2016",8000
01-06-2016,"Baldwin Bikes","Surly Straggler 650b - 2016",3362
01-06-2016,"Baldwin Bikes","Pure Cycles Vine 8-Speed - 2016",858
01-06-2016,"Baldwin Bikes","Electra Girl's Hawaii 1 (16-inch) - 2015/2016",540
01-06-2016,"Baldwin Bikes","Electra Girl's Hawaii 1 (20-inch) - 2015/2016",600
01-06-2016,"Rowlett Bikes","Pure Cycles William 3-Speed - 2016",449
01-06-2016,"Rowlett Bikes","Trek Fuel EX 8 29 - 2016",2900
01-06-2016,"Rowlett Bikes","Surly Straggler 650b - 2016",3362
02-06-2016,"Baldwin Bikes","Surly Straggler 650b - 2016",3362
03-06-2016,"Baldwin Bikes","Electra Townie Original 21D - 2016",550
03-06-2016,"Baldwin Bikes","Surly Wednesday Frameset - 2016",1000
03-06-2016,"Baldwin Bikes","Surly Ice Cream Truck Frameset - 2016",940
03-06-2016,"Baldwin Bikes","Electra Cruiser 1 (24-Inch) - 2016",270
03-06-2016,"Baldwin Bikes","Ritchey Timberwolf Frameset - 2016",1500
03-06-2016,"Baldwin Bikes","Electra Girl's Hawaii 1 (16-inch) - 2015/2016",270
03-06-2016,"Baldwin Bikes","Heller Shagamaw Frame - 2016",2642
04-06-2016,"Baldwin Bikes","Electra Cruiser 1 (24-Inch) - 2016",270
04-06-2016,"Baldwin Bikes","Surly Straggler 650b - 2016",1681
05-06-2016,"Santa Cruz Bikes","Electra Moto 1 - 2016",530
05-06-2016,"Santa Cruz Bikes","Surly Straggler - 2016",3098
05-06-2016,"Santa Cruz Bikes","Electra Cruiser 1 (24-Inch) - 2016",540
05-06-2016,"Santa Cruz Bikes","Trek Remedy 29 Carbon Frameset - 2016",3600
06-06-2016,"Baldwin Bikes","Pure Cycles Western 3-Speed - Women's - 2015/2016",449
06-06-2016,"Baldwin Bikes","Pure Cycles William 3-Speed - 2016",449
06-06-2016,"Baldwin Bikes","Trek Fuel EX 8 29 - 2016",2900
06-06-2016,"Baldwin Bikes","Trek Remedy 29 Carbon Frameset - 2016",3600
06-06-2016,"Baldwin Bikes","Trek Fuel EX 8 29 - 2016",2900
06-06-2016,"Baldwin Bikes","Ritchey Timberwolf Frameset - 2016",1500
06-06-2016,"Baldwin Bikes","Surly Ice Cream Truck Frameset - 2016",940
06-06-2016,"Baldwin Bikes","Electra Townie Original 7D EQ - 2016",600
06-06-2016,"Baldwin Bikes","Electra Townie Original 21D - 2016",1100
06-06-2016,"Baldwin Bikes","Surly Straggler - 2016",1549
06-06-2016,"Baldwin Bikes","Electra Girl's Hawaii 1 (20-inch) - 2015/2016",600
08-06-2016,"Santa Cruz Bikes","Pure Cycles Vine 8-Speed - 2016",858
08-06-2016,"Santa Cruz Bikes","Electra Girl's Hawaii 1 (16-inch) - 2015/2016",270
08-06-2016,"Santa Cruz Bikes","Electra Townie Original 7D EQ - 2016",1200
08-06-2016,"Rowlett Bikes","Trek Conduit+ - 2016",6000
08-06-2016,"Rowlett Bikes","Ritchey Timberwolf Frameset - 2016",750
09-06-2016,"Baldwin Bikes","Ritchey Timberwolf Frameset - 2016",1500
09-06-2016,"Baldwin Bikes","Surly Wednesday Frameset - 2016",1000
09-06-2016,"Baldwin Bikes","Trek Conduit+ - 2016",3000
10-06-2016,"Baldwin Bikes","Trek Conduit+ - 2016",6000
10-06-2016,"Baldwin Bikes","Electra Townie Original 7D - 2015/2016",500
10-06-2016,"Baldwin Bikes","Pure Cycles William 3-Speed - 2016",449
10-06-2016,"Baldwin Bikes","Surly Ice Cream Truck Frameset - 2016",940
11-06-2016,"Santa Cruz Bikes","Electra Cruiser 1 (24-Inch) - 2016",270
11-06-2016,"Santa Cruz Bikes","Trek Slash 8 27.5 - 2016",8000
11-06-2016,"Santa Cruz Bikes","Electra Townie Original 21D - 2016",550
11-06-2016,"Santa Cruz Bikes","Electra Girl's Hawaii 1 (20-inch) - 2015/2016",600
11-06-2016,"Santa Cruz Bikes","Electra Girl's Hawaii 1 (16-inch) - 2015/2016",540
11-06-2016,"Santa Cruz Bikes","Trek Conduit+ - 2016",3000
11-06-2016,"Santa Cruz Bikes","Surly Ice Cream Truck Frameset - 2016",940
11-06-2016,"Santa Cruz Bikes","Trek Slash 8 27.5 - 2016",4000
12-06-2016,"Baldwin Bikes","Surly Wednesday Frameset - 2016",1000
12-06-2016,"Baldwin Bikes","Pure Cycles Western 3-Speed - Women's - 2015/2016",449
12-06-2016,"Baldwin Bikes","Electra Girl's Hawaii 1 (20-inch) - 2015/2016",600
12-06-2016,"Baldwin Bikes","Heller Shagamaw Frame - 2016",1321
12-06-2016,"Baldwin Bikes","Electra Moto 1 - 2016",530
12-06-2016,"Baldwin Bikes","Electra Townie Original 7D - 2015/2016",1000
13-06-2016,"Baldwin Bikes","Trek Slash 8 27.5 - 2016",8000
13-06-2016,"Baldwin Bikes","Electra Cruiser 1 (24-Inch) - 2016",270
13-06-2016,"Baldwin Bikes","Surly Ice Cream Truck Frameset - 2016",940
13-06-2016,"Baldwin Bikes","Surly Straggler 650b - 2016",3362
15-06-2016,"Baldwin Bikes","Surly Straggler 650b - 2016",1681
15-06-2016,"Baldwin Bikes","Ritchey Timberwolf Frameset - 2016",1500
16-06-2016,"Baldwin Bikes","Electra Cruiser 1 (24-Inch) - 2016",270
17-06-2016,"Baldwin Bikes","Trek Conduit+ - 2016",6000
17-06-2016,"Baldwin Bikes","Electra Townie Original 7D - 2015/2016",1000
17-06-2016,"Baldwin Bikes","Surly Straggler 650b - 2016",3362
17-06-2016,"Baldwin Bikes","Trek Slash 8 27.5 - 2016",8000
17-06-2016,"Baldwin Bikes","Electra Townie Original 7D - 2015/2016",500
17-06-2016,"Baldwin Bikes","Pure Cycles Western 3-Speed - Women's - 2015/2016",449
18-06-2016,"Baldwin Bikes","Trek Conduit+ - 2016",6000
18-06-2016,"Baldwin Bikes","Pure Cycles Vine 8-Speed - 2016",429
18-06-2016,"Baldwin Bikes","Surly Wednesday Frameset - 2016",2000
19-06-2016,"Baldwin Bikes","Electra Cruiser 1 (24-Inch) - 2016",540
19-06-2016,"Baldwin Bikes","Surly Ice Cream Truck Frameset - 2016",940
19-06-2016,"Baldwin Bikes","Electra Townie Original 7D EQ - Women's - 2016",1200
20-06-2016,"Santa Cruz Bikes","Surly Straggler 650b - 2016",3362
20-06-2016,"Santa Cruz Bikes","Electra Cruiser 1 (24-Inch) - 2016",270
20-06-2016,"Santa Cruz Bikes","Pure Cycles William 3-Speed - 2016",898
20-06-2016,"Santa Cruz Bikes","Electra Townie Original 7D EQ - 2016",600
21-06-2016,"Baldwin Bikes","Electra Townie Original 7D - 2015/2016",500
21-06-2016,"Baldwin Bikes","Electra Cruiser 1 (24-Inch) - 2016",270
21-06-2016,"Baldwin Bikes","Electra Townie Original 7D EQ - 2016",1200
21-06-2016,"Baldwin Bikes","Electra Townie Original 7D - 2015/2016",500
21-06-2016,"Baldwin Bikes","Trek Slash 8 27.5 - 2016",8000
21-06-2016,"Baldwin Bikes","Electra Girl's Hawaii 1 (16-inch) - 2015/2016",540
21-06-2016,"Baldwin Bikes","Electra Girl's Hawaii 1 (16-inch) - 2015/2016",270
22-06-2016,"Rowlett Bikes","Electra Townie Original 7D EQ - 2016",1200
22-06-2016,"Rowlett Bikes","Surly Wednesday Frameset - 2016",2000
22-06-2016,"Rowlett Bikes","Trek Slash 8 27.5 - 2016",8000
22-06-2016,"Rowlett Bikes","Electra Townie Original 7D EQ - Women's - 2016",600
23-06-2016,"Santa Cruz Bikes","Electra Townie Original 7D EQ - 2016",1200
23-06-2016,"Santa Cruz Bikes","Trek Conduit+ - 2016",3000
23-06-2016,"Baldwin Bikes","Electra Townie Original 7D EQ - Women's - 2016",600
23-06-2016,"Baldwin Bikes","Electra Townie Original 21D - 2016",1100
25-06-2016,"Santa Cruz Bikes","Ritchey Timberwolf Frameset - 2016",750
25-06-2016,"Santa Cruz Bikes","Electra Townie Original 21D - 2016",550
25-06-2016,"Santa Cruz Bikes","Electra Townie Original 7D EQ - 2016",1200
25-06-2016,"Baldwin Bikes","Trek Slash 8 27.5 - 2016",4000
25-06-2016,"Baldwin Bikes","Electra Townie Original 7D EQ - 2016",1200
25-06-2016,"Baldwin Bikes","Electra Cruiser 1 (24-Inch) - 2016",540
25-06-2016,"Baldwin Bikes","Electra Townie Original 7D EQ - 2016",1200
25-06-2016,"Baldwin Bikes","Electra Townie Original 7D EQ - Women's - 2016",600
25-06-2016,"Baldwin Bikes","Ritchey Timberwolf Frameset - 2016",750
25-06-2016,"Baldwin Bikes","Surly Straggler - 2016",1549
25-06-2016,"Baldwin Bikes","Heller Shagamaw Frame - 2016",1321
25-06-2016,"Baldwin Bikes","Trek Slash 8 27.5 - 2016",8000
25-06-2016,"Baldwin Bikes","Surly Straggler - 2016",1549
25-06-2016,"Baldwin Bikes","Trek Fuel EX 8 29 - 2016",2900
27-06-2016,"Baldwin Bikes","Pure Cycles Vine 8-Speed - 2016",429
27-06-2016,"Baldwin Bikes","Electra Townie Original 21D - 2016",550
27-06-2016,"Baldwin Bikes","Electra Cruiser 1 (24-Inch) - 2016",270
28-06-2016,"Baldwin Bikes","Electra Cruiser 1 (24-Inch) - 2016",270
28-06-2016,"Baldwin Bikes","Heller Shagamaw Frame - 2016",2642
28-06-2016,"Baldwin Bikes","Ritchey Timberwolf Frameset - 2016",1500
29-06-2016,"Baldwin Bikes","Electra Cruiser 1 (24-Inch) - 2016",540
29-06-2016,"Baldwin Bikes","Surly Ice Cream Truck Frameset - 2016",940
29-06-2016,"Rowlett Bikes","Surly Straggler - 2016",3098
29-06-2016,"Rowlett Bikes","Trek Fuel EX 8 29 - 2016",2900
29-06-2016,"Rowlett Bikes","Pure Cycles Western 3-Speed - Women's - 2015/2016",898
30-06-2016,"Baldwin Bikes","Surly Ice Cream Truck Frameset - 2016",470
30-06-2016,"Baldwin Bikes","Pure Cycles William 3-Speed - 2016",898
01-07-2016,"Baldwin Bikes","Electra Townie Original 7D - 2015/2016",1000
01-07-2016,"Baldwin Bikes","Trek Slash 8 27.5 - 2016",8000
01-07-2016,"Baldwin Bikes","Electra Girl's Hawaii 1 (16-inch) - 2015/2016",270
01-07-2016,"Baldwin Bikes","Pure Cycles Western 3-Speed - Women's - 2015/2016",449
01-07-2016,"Baldwin Bikes","Electra Girl's Hawaii 1 (16-inch) - 2015/2016",540
04-07-2016,"Baldwin Bikes","Trek Conduit+ - 2016",3000
04-07-2016,"Baldwin Bikes","Surly Straggler 650b - 2016",3362
04-07-2016,"Baldwin Bikes","Electra Townie Original 21D - 2016",1100
04-07-2016,"Baldwin Bikes","Electra Townie Original 7D - 2015/2016",1000
04-07-2016,"Baldwin Bikes","Trek Fuel EX 8 29 - 2016",5800
04-07-2016,"Rowlett Bikes","Electra Girl's Hawaii 1 (16-inch) - 2015/2016",540
04-07-2016,"Rowlett Bikes","Trek Conduit+ - 2016",3000
04-07-2016,"Rowlett Bikes","Electra Girl's Hawaii 1 (16-inch) - 2015/2016",270
04-07-2016,"Rowlett Bikes","Surly Ice Cream Truck Frameset - 2016",940
04-07-2016,"Rowlett Bikes","Electra Girl's Hawaii 1 (20-inch) - 2015/2016",300
05-07-2016,"Baldwin Bikes","Surly Straggler - 2016",3098
05-07-2016,"Baldwin Bikes","Surly Straggler 650b - 2016",3362
05-07-2016,"Baldwin Bikes","Surly Straggler 650b - 2016",3362
05-07-2016,"Baldwin Bikes","Surly Straggler - 2016",1549
05-07-2016,"Baldwin Bikes","Trek Conduit+ - 2016",6000
05-07-2016,"Baldwin Bikes","Electra Townie Original 7D EQ - 2016",1200
06-07-2016,"Baldwin Bikes","Electra Girl's Hawaii 1 (16-inch) - 2015/2016",270
06-07-2016,"Baldwin Bikes","Surly Ice Cream Truck Frameset - 2016",470
06-07-2016,"Baldwin Bikes","Ritchey Timberwolf Frameset - 2016",1500
06-07-2016,"Baldwin Bikes","Pure Cycles Western 3-Speed - Women's - 2015/2016",898
06-07-2016,"Baldwin Bikes","Electra Townie Original 21D - 2016",1100
07-07-2016,"Baldwin Bikes","Electra Townie Original 21D - 2016",1100
07-07-2016,"Baldwin Bikes","Trek Remedy 29 Carbon Frameset - 2016",3600
07-07-2016,"Baldwin Bikes","Electra Townie Original 7D EQ - Women's - 2016",600
07-07-2016,"Baldwin Bikes","Trek Slash 8 27.5 - 2016",8000
07-07-2016,"Baldwin Bikes","Surly Straggler - 2016",1549
07-07-2016,"Baldwin Bikes","Surly Wednesday Frameset - 2016",2000
07-07-2016,"Baldwin Bikes","Surly Ice Cream Truck Frameset - 2016",470
07-07-2016,"Baldwin Bikes","Surly Straggler - 2016",1549
09-07-2016,"Baldwin Bikes","Electra Girl's Hawaii 1 (16-inch) - 2015/2016",270
09-07-2016,"Baldwin Bikes","Surly Straggler - 2016",1549
09-07-2016,"Baldwin Bikes","Electra Moto 1 - 2016",1060
11-07-2016,"Baldwin Bikes","Electra Girl's Hawaii 1 (16-inch) - 2015/2016",270
11-07-2016,"Baldwin Bikes","Pure Cycles Western 3-Speed - Women's - 2015/2016",898
11-07-2016,"Baldwin Bikes","Trek Slash 8 27.5 - 2016",4000
11-07-2016,"Baldwin Bikes","Electra Townie Original 21D - 2016",550
11-07-2016,"Baldwin Bikes","Surly Wednesday Frameset - 2016",1000
12-07-2016,"Santa Cruz Bikes","Trek Remedy 29 Carbon Frameset - 2016",1800
12-07-2016,"Santa Cruz Bikes","Heller Shagamaw Frame - 2016",2642
12-07-2016,"Santa Cruz Bikes","Electra Girl's Hawaii 1 (16-inch) - 2015/2016",540
12-07-2016,"Santa Cruz Bikes","Trek Slash 8 27.5 - 2016",8000
12-07-2016,"Baldwin Bikes","Heller Shagamaw Frame - 2016",2642
12-07-2016,"Baldwin Bikes","Pure Cycles Vine 8-Speed - 2016",858
13-07-2016,"Baldwin Bikes","Electra Townie Original 7D EQ - 2016",1200
13-07-2016,"Baldwin Bikes","Electra Girl's Hawaii 1 (16-inch) - 2015/2016",540
13-07-2016,"Baldwin Bikes","Electra Townie Original 21D - 2016",1100
14-07-2016,"Rowlett Bikes","Surly Straggler - 2016",3098
14-07-2016,"Rowlett Bikes","Trek Fuel EX 8 29 - 2016",2900
15-07-2016,"Baldwin Bikes","Trek Slash 8 27.5 - 2016",8000
15-07-2016,"Baldwin Bikes","Electra Girl's Hawaii 1 (16-inch) - 2015/2016",540
15-07-2016,"Baldwin Bikes","Trek Conduit+ - 2016",3000
15-07-2016,"Baldwin Bikes","Heller Shagamaw Frame - 2016",1321
16-07-2016,"Baldwin Bikes","Trek Conduit+ - 2016",3000
16-07-2016,"Baldwin Bikes","Surly Straggler 650b - 2016",1681
17-07-2016,"Baldwin Bikes","Pure Cycles Vine 8-Speed - 2016",429
17-07-2016,"Baldwin Bikes","Pure Cycles William 3-Speed - 2016",449
17-07-2016,"Baldwin Bikes","Electra Townie Original 7D EQ - Women's - 2016",600
17-07-2016,"Baldwin Bikes","Electra Townie Original 7D EQ - 2016",1200
17-07-2016,"Baldwin Bikes","Ritchey Timberwolf Frameset - 2016",1500
17-07-2016,"Baldwin Bikes","Electra Cruiser 1 (24-Inch) - 2016",540
17-07-2016,"Baldwin Bikes","Electra Moto 1 - 2016",530
17-07-2016,"Baldwin Bikes","Electra Girl's Hawaii 1 (16-inch) - 2015/2016",270
17-07-2016,"Baldwin Bikes","Surly Straggler - 2016",1549
17-07-2016,"Baldwin Bikes","Trek Conduit+ - 2016",3000
17-07-2016,"Baldwin Bikes","Electra Townie Original 7D - 2015/2016",1000
17-07-2016,"Baldwin Bikes","Electra Cruiser 1 (24-Inch) - 2016",540
18-07-2016,"Baldwin Bikes","Electra Girl's Hawaii 1 (20-inch) - 2015/2016",300
18-07-2016,"Baldwin Bikes","Electra Moto 1 - 2016",1060
18-07-2016,"Baldwin Bikes","Electra Cruiser 1 (24-Inch) - 2016",270
18-07-2016,"Baldwin Bikes","Surly Straggler 650b - 2016",1681
19-07-2016,"Santa Cruz Bikes","Ritchey Timberwolf Frameset - 2016",750
19-07-2016,"Baldwin Bikes","Electra Girl's Hawaii 1 (20-inch) - 2015/2016",600
19-07-2016,"Baldwin Bikes","Electra Townie Original 7D EQ - 2016",600
19-07-2016,"Baldwin Bikes","Electra Townie Original 21D - 2016",1100
19-07-2016,"Baldwin Bikes","Trek Fuel EX 8 29 - 2016",5800
19-07-2016,"Baldwin Bikes","Electra Cruiser 1 (24-Inch) - 2016",270
19-07-2016,"Baldwin Bikes","Electra Cruiser 1 (24-Inch) - 2016",540
19-07-2016,"Baldwin Bikes","Electra Townie Original 7D EQ - 2016",1200
19-07-2016,"Baldwin Bikes","Electra Cruiser 1 (24-Inch) - 2016",540
20-07-2016,"Baldwin Bikes","Electra Townie Original 21D - 2016",550
20-07-2016,"Baldwin Bikes","Pure Cycles William 3-Speed - 2016",449
20-07-2016,"Baldwin Bikes","Electra Girl's Hawaii 1 (16-inch) - 2015/2016",540
20-07-2016,"Baldwin Bikes","Pure Cycles Vine 8-Speed - 2016",429
20-07-2016,"Baldwin Bikes","Ritchey Timberwolf Frameset - 2016",1500
20-07-2016,"Baldwin Bikes","Surly Ice Cream Truck Frameset - 2016",940
20-07-2016,"Baldwin Bikes","Electra Townie Original 21D - 2016",550
20-07-2016,"Baldwin Bikes","Trek Slash 8 27.5 - 2016",4000
20-07-2016,"Rowlett Bikes","Electra Girl's Hawaii 1 (20-inch) - 2015/2016",300
20-07-2016,"Rowlett Bikes","Electra Townie Original 21D - 2016",550
21-07-2016,"Baldwin Bikes","Trek Fuel EX 8 29 - 2016",2900
21-07-2016,"Baldwin Bikes","Electra Cruiser 1 (24-Inch) - 2016",270
21-07-2016,"Baldwin Bikes","Electra Townie Original 21D - 2016",1100
23-07-2016,"Baldwin Bikes","Surly Ice Cream Truck Frameset - 2016",940
24-07-2016,"Baldwin Bikes","Electra Townie Original 7D EQ - 2016",1200
24-07-2016,"Baldwin Bikes","Pure Cycles Vine 8-Speed - 2016",429
24-07-2016,"Baldwin Bikes","Electra Girl's Hawaii 1 (20-inch) - 2015/2016",300
24-07-2016,"Baldwin Bikes","Trek Remedy 29 Carbon Frameset - 2016",3600
24-07-2016,"Baldwin Bikes","Electra Girl's Hawaii 1 (16-inch) - 2015/2016",540
24-07-2016,"Baldwin Bikes","Electra Cruiser 1 (24-Inch) - 2016",540
24-07-2016,"Baldwin Bikes","Pure Cycles Vine 8-Speed - 2016",858
24-07-2016,"Baldwin Bikes","Pure Cycles Western 3-Speed - Women's - 2015/2016",898
25-07-2016,"Baldwin Bikes","Surly Wednesday Frameset - 2016",1000
25-07-2016,"Baldwin Bikes","Trek Remedy 29 Carbon Frameset - 2016",3600
25-07-2016,"Baldwin Bikes","Pure Cycles Western 3-Speed - Women's - 2015/2016",898
25-07-2016,"Baldwin Bikes","Surly Wednesday Frameset - 2016",2000
25-07-2016,"Baldwin Bikes","Trek Conduit+ - 2016",3000
25-07-2016,"Baldwin Bikes","Electra Townie Original 7D EQ - 2016",1200
25-07-2016,"Baldwin Bikes","Electra Cruiser 1 (24-Inch) - 2016",270
25-07-2016,"Baldwin Bikes","Ritchey Timberwolf Frameset - 2016",1500
25-07-2016,"Baldwin Bikes","Surly Ice Cream Truck Frameset - 2016",470
26-07-2016,"Baldwin Bikes","Electra Townie Original 21D - 2016",550
26-07-2016,"Baldwin Bikes","Trek Fuel EX 8 29 - 2016",2900
26-07-2016,"Baldwin Bikes","Trek Fuel EX 8 29 - 2016",2900
26-07-2016,"Baldwin Bikes","Pure Cycles Western 3-Speed - Women's - 2015/2016",449
28-07-2016,"Santa Cruz Bikes","Trek Conduit+ - 2016",3000
28-07-2016,"Santa Cruz Bikes","Surly Straggler 650b - 2016",3362
28-07-2016,"Santa Cruz Bikes","Electra Girl's Hawaii 1 (16-inch) - 2015/2016",270
28-07-2016,"Santa Cruz Bikes","Surly Straggler - 2016",1549
28-07-2016,"Santa Cruz Bikes","Surly Ice Cream Truck Frameset - 2016",940
28-07-2016,"Baldwin Bikes","Electra Moto 1 - 2016",1060
28-07-2016,"Baldwin Bikes","Electra Cruiser 1 (24-Inch) - 2016",270
29-07-2016,"Baldwin Bikes","Surly Straggler - 2016",3098
29-07-2016,"Baldwin Bikes","Electra Townie Original 21D - 2016",1100
29-07-2016,"Baldwin Bikes","Electra Cruiser 1 (24-Inch) - 2016",540
29-07-2016,"Baldwin Bikes","Electra Townie Original 21D - 2016",550
29-07-2016,"Baldwin Bikes","Surly Straggler 650b - 2016",1681
31-07-2016,"Santa Cruz Bikes","Electra Girl's Hawaii 1 (20-inch) - 2015/2016",600
31-07-2016,"Baldwin Bikes","Electra Townie Original 7D EQ - 2016",1200
31-07-2016,"Baldwin Bikes","Trek Conduit+ - 2016",3000
31-07-2016,"Baldwin Bikes","Electra Townie Original 7D EQ - 2016",600
31-07-2016,"Baldwin Bikes","Surly Straggler - 2016",1549
31-07-2016,"Baldwin Bikes","Heller Shagamaw Frame - 2016",2642
31-07-2016,"Baldwin Bikes","Electra Townie Original 7D - 2015/2016",500
31-07-2016,"Baldwin Bikes","Electra Townie Original 7D EQ - Women's - 2016",1200
01-08-2016,"Baldwin Bikes","Electra Girl's Hawaii 1 (16-inch) - 2015/2016",270
01-08-2016,"Baldwin Bikes","Pure Cycles Western 3-Speed - Women's - 2015/2016",898
01-08-2016,"Baldwin Bikes","Electra Girl's Hawaii 1 (16-inch) - 2015/2016",270
01-08-2016,"Baldwin Bikes","Electra Townie Original 21D - 2016",1100
01-08-2016,"Baldwin Bikes","Pure Cycles Western 3-Speed - Women's - 2015/2016",898
01-08-2016,"Rowlett Bikes","Pure Cycles Western 3-Speed - Women's - 2015/2016",898
01-08-2016,"Rowlett Bikes","Electra Moto 1 - 2016",530
01-08-2016,"Rowlett Bikes","Electra Cruiser 1 (24-Inch) - 2016",270
01-08-2016,"Rowlett Bikes","Electra Girl's Hawaii 1 (20-inch) - 2015/2016",300
01-08-2016,"Rowlett Bikes","Electra Cruiser 1 (24-Inch) - 2016",270
02-08-2016,"Baldwin Bikes","Electra Girl's Hawaii 1 (20-inch) - 2015/2016",300
02-08-2016,"Rowlett Bikes","Electra Moto 1 - 2016",1060
02-08-2016,"Rowlett Bikes","Heller Shagamaw Frame - 2016",2642
03-08-2016,"Santa Cruz Bikes","Electra Girl's Hawaii 1 (16-inch) - 2015/2016",540
03-08-2016,"Santa Cruz Bikes","Electra Townie Original 7D EQ - Women's - 2016",600
03-08-2016,"Santa Cruz Bikes","Electra Townie Original 21D - 2016",1100
03-08-2016,"Santa Cruz Bikes","Trek Fuel EX 8 29 - 2016",5800
03-08-2016,"Baldwin Bikes","Electra Girl's Hawaii 1 (16-inch) - 2015/2016",270
03-08-2016,"Baldwin Bikes","Surly Straggler 650b - 2016",1681
03-08-2016,"Baldwin Bikes","Ritchey Timberwolf Frameset - 2016",1500
03-08-2016,"Rowlett Bikes","Pure Cycles William 3-Speed - 2016",449
03-08-2016,"Rowlett Bikes","Electra Cruiser 1 (24-Inch) - 2016",270
03-08-2016,"Rowlett Bikes","Electra Girl's Hawaii 1 (16-inch) - 2015/2016",540
03-08-2016,"Rowlett Bikes","Electra Townie Original 7D EQ - 2016",600
04-08-2016,"Baldwin Bikes","Electra Cruiser 1 (24-Inch) - 2016",270
04-08-2016,"Baldwin Bikes","Trek Fuel EX 8 29 - 2016",2900
04-08-2016,"Baldwin Bikes","Electra Girl's Hawaii 1 (20-inch) - 2015/2016",600
05-08-2016,"Baldwin Bikes","Pure Cycles Western 3-Speed - Women's - 2015/2016",898
05-08-2016,"Baldwin Bikes","Trek Remedy 29 Carbon Frameset - 2016",3600
05-08-2016,"Baldwin Bikes","Surly Ice Cream Truck Frameset - 2016",940
05-08-2016,"Baldwin Bikes","Electra Cruiser 1 (24-Inch) - 2016",540
07-08-2016,"Baldwin Bikes","Trek Slash 8 27.5 - 2016",8000
07-08-2016,"Baldwin Bikes","Trek Conduit+ - 2016",6000
07-08-2016,"Baldwin Bikes","Electra Moto 1 - 2016",1060
07-08-2016,"Baldwin Bikes","Electra Townie Original 7D - 2015/2016",500
07-08-2016,"Baldwin Bikes","Electra Cruiser 1 (24-Inch) - 2016",540
07-08-2016,"Baldwin Bikes","Trek Slash 8 27.5 - 2016",8000
07-08-2016,"Baldwin Bikes","Electra Townie Original 7D EQ - 2016",600
08-08-2016,"Baldwin Bikes","Surly Straggler 650b - 2016",1681
08-08-2016,"Baldwin Bikes","Surly Ice Cream Truck Frameset - 2016",940
08-08-2016,"Baldwin Bikes","Electra Townie Original 21D - 2016",1100
09-08-2016,"Santa Cruz Bikes","Ritchey Timberwolf Frameset - 2016",750
11-08-2016,"Rowlett Bikes","Electra Townie Original 7D EQ - Women's - 2016",600
11-08-2016,"Rowlett Bikes","Electra Moto 1 - 2016",530
11-08-2016,"Rowlett Bikes","Electra Girl's Hawaii 1 (16-inch) - 2015/2016",270
11-08-2016,"Rowlett Bikes","Electra Cruiser 1 (24-Inch) - 2016",540
12-08-2016,"Baldwin Bikes","Electra Townie Original 7D - 2015/2016",1000
13-08-2016,"Baldwin Bikes","Electra Townie Original 21D - 2016",1100
13-08-2016,"Rowlett Bikes","Electra Townie Original 7D EQ - 2016",1200
13-08-2016,"Rowlett Bikes","Trek Fuel EX 8 29 - 2016",2900
